cid,sid,aid,ngrade
0,A1Kcf8Z1u3,A1,78
0,A1Kcf8Z1u3,A2,67
0,A1Kcf8Z1u3,A3,70
0,A1Kcf8Z1u3,A4,83
0,A1Kcf8Z1u3,A5,47
0,A1Kcf8Z1u3,A6,93
0,A1Kcf8Z1u3,A7,30
0,A1Kcf8Z1u3,A8,106
0,A1Kcf8Z1u3,A9,9
0,A1Kcf8Z1u3,A10,80
0,Rjuqf7P3nX,A1,96
0,Rjuqf7P3nX,A2,71
0,Rjuqf7P3nX,A3,94
0,Rjuqf7P3nX,A4,67
0,Rjuqf7P3nX,A5,24
0,Rjuqf7P3nX,A6,73
0,Rjuqf7P3nX,A7,28
0,Rjuqf7P3nX,A8,126
0,Rjuqf7P3nX,A9,8
0,Rjuqf7P3nX,A10,90
0,ECk9NPOnC1,A1,88
0,ECk9NPOnC1,A2,60
0,ECk9NPOnC1,A3,97
0,ECk9NPOnC1,A4,94
0,ECk9NPOnC1,A5,43
0,ECk9NPOnC1,A6,86
0,ECk9NPOnC1,A7,53
0,ECk9NPOnC1,A8,103
0,ECk9NPOnC1,A9,0
0,ECk9NPOnC1,A10,64
0,0nYGfSzH52,A1,83
0,0nYGfSzH52,A2,100
0,0nYGfSzH52,A3,27
0,0nYGfSzH52,A4,33
0,0nYGfSzH52,A5,20
0,0nYGfSzH52,A6,80
0,0nYGfSzH52,A7,56
0,0nYGfSzH52,A8,34
0,0nYGfSzH52,A9,3
0,0nYGfSzH52,A10,99
0,8BdlWK9mvn,A1,87
0,8BdlWK9mvn,A2,56
0,8BdlWK9mvn,A3,63
0,8BdlWK9mvn,A4,56
0,8BdlWK9mvn,A5,55
0,8BdlWK9mvn,A6,46
0,8BdlWK9mvn,A7,57
0,8BdlWK9mvn,A8,103
0,8BdlWK9mvn,A9,9
0,8BdlWK9mvn,A10,47
0,hEp6l3yRkB,A1,73
0,hEp6l3yRkB,A2,88
0,hEp6l3yRkB,A3,73
0,hEp6l3yRkB,A4,68
0,hEp6l3yRkB,A5,57
0,hEp6l3yRkB,A6,83
0,hEp6l3yRkB,A7,23
0,hEp6l3yRkB,A8,135
0,hEp6l3yRkB,A9,8
0,hEp6l3yRkB,A10,24
0,vrSPzDaBog,A1,46
0,vrSPzDaBog,A2,51
0,vrSPzDaBog,A3,64
0,vrSPzDaBog,A4,47
0,vrSPzDaBog,A5,57
0,vrSPzDaBog,A6,56
0,vrSPzDaBog,A7,33
0,vrSPzDaBog,A8,107
0,vrSPzDaBog,A9,8
0,vrSPzDaBog,A10,41
0,yVEE6glmyP,A1,52
0,yVEE6glmyP,A2,88
0,yVEE6glmyP,A3,90
0,yVEE6glmyP,A4,67
0,yVEE6glmyP,A5,20
0,yVEE6glmyP,A6,29
0,yVEE6glmyP,A7,28
0,yVEE6glmyP,A8,45
0,yVEE6glmyP,A9,1
0,yVEE6glmyP,A10,82
0,4D8d5NFQey,A1,74
0,4D8d5NFQey,A2,96
0,4D8d5NFQey,A3,69
0,4D8d5NFQey,A4,94
0,4D8d5NFQey,A5,31
0,4D8d5NFQey,A6,92
0,4D8d5NFQey,A7,41
0,4D8d5NFQey,A8,149
0,4D8d5NFQey,A9,3
0,4D8d5NFQey,A10,67
0,tmil3gYi8I,A1,55
0,tmil3gYi8I,A2,56
0,tmil3gYi8I,A3,92
0,tmil3gYi8I,A4,54
0,tmil3gYi8I,A5,41
0,tmil3gYi8I,A6,22
0,tmil3gYi8I,A7,41
0,tmil3gYi8I,A8,120
0,tmil3gYi8I,A9,3
0,tmil3gYi8I,A10,58
0,stB2damzF1,A1,94
0,stB2damzF1,A2,47
0,stB2damzF1,A3,70
0,stB2damzF1,A4,50
0,stB2damzF1,A5,41
0,stB2damzF1,A6,22
0,stB2damzF1,A7,56
0,stB2damzF1,A8,124
0,stB2damzF1,A9,7
0,stB2damzF1,A10,28
0,Q5zYQSo07T,A1,73
0,Q5zYQSo07T,A2,82
0,Q5zYQSo07T,A3,40
0,Q5zYQSo07T,A4,77
0,Q5zYQSo07T,A5,30
0,Q5zYQSo07T,A6,62
0,Q5zYQSo07T,A7,47
0,Q5zYQSo07T,A8,91
0,Q5zYQSo07T,A9,3
0,Q5zYQSo07T,A10,70
1,WJrWAidLZ5,A1,95
1,WJrWAidLZ5,A2,72
1,WJrWAidLZ5,A3,100
1,WJrWAidLZ5,A4,72
1,WJrWAidLZ5,A5,27
1,WJrWAidLZ5,A6,100
1,WJrWAidLZ5,A7,55
1,WJrWAidLZ5,A8,64
1,WJrWAidLZ5,A9,5
1,WJrWAidLZ5,A10,80
1,l8fb19WIds,A1,88
1,l8fb19WIds,A2,70
1,l8fb19WIds,A3,92
1,l8fb19WIds,A4,88
1,l8fb19WIds,A5,55
1,l8fb19WIds,A6,82
1,l8fb19WIds,A7,24
1,l8fb19WIds,A8,138
1,l8fb19WIds,A9,7
1,l8fb19WIds,A10,79
1,DlK1RDF6DZ,A1,69
1,DlK1RDF6DZ,A2,61
1,DlK1RDF6DZ,A3,51
1,DlK1RDF6DZ,A4,72
1,DlK1RDF6DZ,A5,40
1,DlK1RDF6DZ,A6,67
1,DlK1RDF6DZ,A7,49
1,DlK1RDF6DZ,A8,57
1,DlK1RDF6DZ,A9,3
1,DlK1RDF6DZ,A10,92
1,s8jX7v1r9L,A1,80
1,s8jX7v1r9L,A2,46
1,s8jX7v1r9L,A3,64
1,s8jX7v1r9L,A4,35
1,s8jX7v1r9L,A5,21
1,s8jX7v1r9L,A6,76
1,s8jX7v1r9L,A7,36
1,s8jX7v1r9L,A8,120
1,s8jX7v1r9L,A9,1
1,s8jX7v1r9L,A10,58
1,qSaWq5Khmt,A1,78
1,qSaWq5Khmt,A2,90
1,qSaWq5Khmt,A3,68
1,qSaWq5Khmt,A4,50
1,qSaWq5Khmt,A5,29
1,qSaWq5Khmt,A6,77
1,qSaWq5Khmt,A7,59
1,qSaWq5Khmt,A8,149
1,qSaWq5Khmt,A9,6
1,qSaWq5Khmt,A10,49
1,JEdJCRTwMu,A1,98
1,JEdJCRTwMu,A2,52
1,JEdJCRTwMu,A3,97
1,JEdJCRTwMu,A4,78
1,JEdJCRTwMu,A5,45
1,JEdJCRTwMu,A6,92
1,JEdJCRTwMu,A7,43
1,JEdJCRTwMu,A8,141
1,JEdJCRTwMu,A9,6
1,JEdJCRTwMu,A10,96
1,LbOIaCTwOR,A1,78
1,LbOIaCTwOR,A2,69
1,LbOIaCTwOR,A3,89
1,LbOIaCTwOR,A4,94
1,LbOIaCTwOR,A5,35
1,LbOIaCTwOR,A6,41
1,LbOIaCTwOR,A7,59
1,LbOIaCTwOR,A8,146
1,LbOIaCTwOR,A9,3
1,LbOIaCTwOR,A10,36
1,F8SGo1rfbJ,A1,81
1,F8SGo1rfbJ,A2,91
1,F8SGo1rfbJ,A3,53
1,F8SGo1rfbJ,A4,92
1,F8SGo1rfbJ,A5,26
1,F8SGo1rfbJ,A6,53
1,F8SGo1rfbJ,A7,43
1,F8SGo1rfbJ,A8,71
1,F8SGo1rfbJ,A9,6
1,F8SGo1rfbJ,A10,99
1,aDQQtN7BnB,A1,90
1,aDQQtN7BnB,A2,78
1,aDQQtN7BnB,A3,72
1,aDQQtN7BnB,A4,65
1,aDQQtN7BnB,A5,47
1,aDQQtN7BnB,A6,77
1,aDQQtN7BnB,A7,53
1,aDQQtN7BnB,A8,86
1,aDQQtN7BnB,A9,7
1,aDQQtN7BnB,A10,84
1,w4xX1lvTG7,A1,68
1,w4xX1lvTG7,A2,45
1,w4xX1lvTG7,A3,92
1,w4xX1lvTG7,A4,39
1,w4xX1lvTG7,A5,25
1,w4xX1lvTG7,A6,99
1,w4xX1lvTG7,A7,30
1,w4xX1lvTG7,A8,47
1,w4xX1lvTG7,A9,3
1,w4xX1lvTG7,A10,86
1,ixYZCGpl5D,A1,58
1,ixYZCGpl5D,A2,45
1,ixYZCGpl5D,A3,86
1,ixYZCGpl5D,A4,66
1,ixYZCGpl5D,A5,36
1,ixYZCGpl5D,A6,73
1,ixYZCGpl5D,A7,53
1,ixYZCGpl5D,A8,65
1,ixYZCGpl5D,A9,3
1,ixYZCGpl5D,A10,58
1,iep724zbM3,A1,63
1,iep724zbM3,A2,61
1,iep724zbM3,A3,87
1,iep724zbM3,A4,35
1,iep724zbM3,A5,20
1,iep724zbM3,A6,96
1,iep724zbM3,A7,47
1,iep724zbM3,A8,101
1,iep724zbM3,A9,5
1,iep724zbM3,A10,79
1,rRMSF0EH7d,A1,71
1,rRMSF0EH7d,A2,75
1,rRMSF0EH7d,A3,68
1,rRMSF0EH7d,A4,64
1,rRMSF0EH7d,A5,48
1,rRMSF0EH7d,A6,83
1,rRMSF0EH7d,A7,28
1,rRMSF0EH7d,A8,42
1,rRMSF0EH7d,A9,1
1,rRMSF0EH7d,A10,78
1,EWUS9AaKts,A1,89
1,EWUS9AaKts,A2,67
1,EWUS9AaKts,A3,54
1,EWUS9AaKts,A4,98
1,EWUS9AaKts,A5,22
1,EWUS9AaKts,A6,63
1,EWUS9AaKts,A7,32
1,EWUS9AaKts,A8,119
1,EWUS9AaKts,A9,4
1,EWUS9AaKts,A10,54
2,A1Kcf8Z1u3,A1,62
2,A1Kcf8Z1u3,A2,95
2,A1Kcf8Z1u3,A3,98
2,A1Kcf8Z1u3,A4,88
2,A1Kcf8Z1u3,A5,67
2,A1Kcf8Z1u3,A6,58
2,A1Kcf8Z1u3,A7,98
2,A1Kcf8Z1u3,A8,66
2,A1Kcf8Z1u3,A9,58
2,A1Kcf8Z1u3,A10,94
2,Rjuqf7P3nX,A1,100
2,Rjuqf7P3nX,A2,92
2,Rjuqf7P3nX,A3,86
2,Rjuqf7P3nX,A4,78
2,Rjuqf7P3nX,A5,74
2,Rjuqf7P3nX,A6,54
2,Rjuqf7P3nX,A7,58
2,Rjuqf7P3nX,A8,85
2,Rjuqf7P3nX,A9,67
2,Rjuqf7P3nX,A10,59
2,ECk9NPOnC1,A1,60
2,ECk9NPOnC1,A2,81
2,ECk9NPOnC1,A3,88
2,ECk9NPOnC1,A4,93
2,ECk9NPOnC1,A5,69
2,ECk9NPOnC1,A6,69
2,ECk9NPOnC1,A7,67
2,ECk9NPOnC1,A8,61
2,ECk9NPOnC1,A9,86
2,ECk9NPOnC1,A10,51
2,0nYGfSzH52,A1,63
2,0nYGfSzH52,A2,71
2,0nYGfSzH52,A3,57
2,0nYGfSzH52,A4,26
2,0nYGfSzH52,A5,75
2,0nYGfSzH52,A6,44
2,0nYGfSzH52,A7,25
2,0nYGfSzH52,A8,20
2,0nYGfSzH52,A9,45
2,0nYGfSzH52,A10,58
2,8BdlWK9mvn,A1,86
2,8BdlWK9mvn,A2,68
2,8BdlWK9mvn,A3,41
2,8BdlWK9mvn,A4,74
2,8BdlWK9mvn,A5,77
2,8BdlWK9mvn,A6,77
2,8BdlWK9mvn,A7,100
2,8BdlWK9mvn,A8,78
2,8BdlWK9mvn,A9,96
2,8BdlWK9mvn,A10,74
2,hEp6l3yRkB,A1,56
2,hEp6l3yRkB,A2,71
2,hEp6l3yRkB,A3,96
2,hEp6l3yRkB,A4,41
2,hEp6l3yRkB,A5,26
2,hEp6l3yRkB,A6,23
2,hEp6l3yRkB,A7,75
2,hEp6l3yRkB,A8,68
2,hEp6l3yRkB,A9,97
2,hEp6l3yRkB,A10,66
2,vrSPzDaBog,A1,48
2,vrSPzDaBog,A2,76
2,vrSPzDaBog,A3,65
2,vrSPzDaBog,A4,75
2,vrSPzDaBog,A5,88
2,vrSPzDaBog,A6,31
2,vrSPzDaBog,A7,62
2,vrSPzDaBog,A8,72
2,vrSPzDaBog,A9,46
2,vrSPzDaBog,A10,40
2,yVEE6glmyP,A1,56
2,yVEE6glmyP,A2,88
2,yVEE6glmyP,A3,26
2,yVEE6glmyP,A4,97
2,yVEE6glmyP,A5,94
2,yVEE6glmyP,A6,80
2,yVEE6glmyP,A7,55
2,yVEE6glmyP,A8,45
2,yVEE6glmyP,A9,70
2,yVEE6glmyP,A10,82
2,4D8d5NFQey,A1,63
2,4D8d5NFQey,A2,58
2,4D8d5NFQey,A3,56
2,4D8d5NFQey,A4,63
2,4D8d5NFQey,A5,36
2,4D8d5NFQey,A6,46
2,4D8d5NFQey,A7,38
2,4D8d5NFQey,A8,29
2,4D8d5NFQey,A9,35
2,4D8d5NFQey,A10,48
2,tmil3gYi8I,A1,74
2,tmil3gYi8I,A2,47
2,tmil3gYi8I,A3,99
2,tmil3gYi8I,A4,62
2,tmil3gYi8I,A5,43
2,tmil3gYi8I,A6,80
2,tmil3gYi8I,A7,97
2,tmil3gYi8I,A8,25
2,tmil3gYi8I,A9,42
2,tmil3gYi8I,A10,90
2,stB2damzF1,A1,57
2,stB2damzF1,A2,92
2,stB2damzF1,A3,67
2,stB2damzF1,A4,88
2,stB2damzF1,A5,85
2,stB2damzF1,A6,29
2,stB2damzF1,A7,54
2,stB2damzF1,A8,34
2,stB2damzF1,A9,43
2,stB2damzF1,A10,38
2,Q5zYQSo07T,A1,78
2,Q5zYQSo07T,A2,78
2,Q5zYQSo07T,A3,83
2,Q5zYQSo07T,A4,93
2,Q5zYQSo07T,A5,67
2,Q5zYQSo07T,A6,76
2,Q5zYQSo07T,A7,43
2,Q5zYQSo07T,A8,53
2,Q5zYQSo07T,A9,91
2,Q5zYQSo07T,A10,66
2,s8jX7v1r9L,A1,77
2,s8jX7v1r9L,A2,88
2,s8jX7v1r9L,A3,49
2,s8jX7v1r9L,A4,91
2,s8jX7v1r9L,A5,39
2,s8jX7v1r9L,A6,98
2,s8jX7v1r9L,A7,65
2,s8jX7v1r9L,A8,84
2,s8jX7v1r9L,A9,27
2,s8jX7v1r9L,A10,52
2,qSaWq5Khmt,A1,59
2,qSaWq5Khmt,A2,52
2,qSaWq5Khmt,A3,42
2,qSaWq5Khmt,A4,64
2,qSaWq5Khmt,A5,45
2,qSaWq5Khmt,A6,30
2,qSaWq5Khmt,A7,74
2,qSaWq5Khmt,A8,44
2,qSaWq5Khmt,A9,68
2,qSaWq5Khmt,A10,44
2,JEdJCRTwMu,A1,86
2,JEdJCRTwMu,A2,77
2,JEdJCRTwMu,A3,62
2,JEdJCRTwMu,A4,45
2,JEdJCRTwMu,A5,70
2,JEdJCRTwMu,A6,38
2,JEdJCRTwMu,A7,24
2,JEdJCRTwMu,A8,21
2,JEdJCRTwMu,A9,47
2,JEdJCRTwMu,A10,40
2,LbOIaCTwOR,A1,98
2,LbOIaCTwOR,A2,71
2,LbOIaCTwOR,A3,46
2,LbOIaCTwOR,A4,81
2,LbOIaCTwOR,A5,45
2,LbOIaCTwOR,A6,40
2,LbOIaCTwOR,A7,33
2,LbOIaCTwOR,A8,93
2,LbOIaCTwOR,A9,72
2,LbOIaCTwOR,A10,54
2,F8SGo1rfbJ,A1,86
2,F8SGo1rfbJ,A2,93
2,F8SGo1rfbJ,A3,89
2,F8SGo1rfbJ,A4,31
2,F8SGo1rfbJ,A5,91
2,F8SGo1rfbJ,A6,81
2,F8SGo1rfbJ,A7,40
2,F8SGo1rfbJ,A8,70
2,F8SGo1rfbJ,A9,36
2,F8SGo1rfbJ,A10,53
2,aDQQtN7BnB,A1,86
2,aDQQtN7BnB,A2,74
2,aDQQtN7BnB,A3,58
2,aDQQtN7BnB,A4,54
2,aDQQtN7BnB,A5,90
2,aDQQtN7BnB,A6,40
2,aDQQtN7BnB,A7,77
2,aDQQtN7BnB,A8,51
2,aDQQtN7BnB,A9,62
2,aDQQtN7BnB,A10,93
2,w4xX1lvTG7,A1,75
2,w4xX1lvTG7,A2,89
2,w4xX1lvTG7,A3,58
2,w4xX1lvTG7,A4,83
2,w4xX1lvTG7,A5,62
2,w4xX1lvTG7,A6,47
2,w4xX1lvTG7,A7,72
2,w4xX1lvTG7,A8,48
2,w4xX1lvTG7,A9,62
2,w4xX1lvTG7,A10,93
2,ixYZCGpl5D,A1,64
2,ixYZCGpl5D,A2,45
2,ixYZCGpl5D,A3,22
2,ixYZCGpl5D,A4,32
2,ixYZCGpl5D,A5,39
2,ixYZCGpl5D,A6,45
2,ixYZCGpl5D,A7,66
2,ixYZCGpl5D,A8,70
2,ixYZCGpl5D,A9,57
2,ixYZCGpl5D,A10,21
3,tmt3aPs20s,A1,95
3,tmt3aPs20s,A2,83
3,tmt3aPs20s,A3,96
3,tmt3aPs20s,A4,88
3,tmt3aPs20s,A5,33
3,tmt3aPs20s,A6,86
3,tmt3aPs20s,A7,51
3,tmt3aPs20s,A8,103
3,tmt3aPs20s,A9,1
3,tmt3aPs20s,A10,64
3,QrcaEXMLnx,A1,89
3,QrcaEXMLnx,A2,95
3,QrcaEXMLnx,A3,76
3,QrcaEXMLnx,A4,55
3,QrcaEXMLnx,A5,56
3,QrcaEXMLnx,A6,36
3,QrcaEXMLnx,A7,48
3,QrcaEXMLnx,A8,40
3,QrcaEXMLnx,A9,7
3,QrcaEXMLnx,A10,52
3,VxX7KCsBEi,A1,70
3,VxX7KCsBEi,A2,95
3,VxX7KCsBEi,A3,70
3,VxX7KCsBEi,A4,97
3,VxX7KCsBEi,A5,44
3,VxX7KCsBEi,A6,47
3,VxX7KCsBEi,A7,27
3,VxX7KCsBEi,A8,108
3,VxX7KCsBEi,A9,9
3,VxX7KCsBEi,A10,58
3,PiQvBSPut9,A1,70
3,PiQvBSPut9,A2,91
3,PiQvBSPut9,A3,66
3,PiQvBSPut9,A4,67
3,PiQvBSPut9,A5,30
3,PiQvBSPut9,A6,56
3,PiQvBSPut9,A7,26
3,PiQvBSPut9,A8,120
3,PiQvBSPut9,A9,6
3,PiQvBSPut9,A10,53
3,MvygDkC5GZ,A1,44
3,MvygDkC5GZ,A2,71
3,MvygDkC5GZ,A3,36
3,MvygDkC5GZ,A4,76
3,MvygDkC5GZ,A5,31
3,MvygDkC5GZ,A6,71
3,MvygDkC5GZ,A7,23
3,MvygDkC5GZ,A8,94
3,MvygDkC5GZ,A9,0
3,MvygDkC5GZ,A10,84
3,pSE2USVUGe,A1,73
3,pSE2USVUGe,A2,52
3,pSE2USVUGe,A3,88
3,pSE2USVUGe,A4,67
3,pSE2USVUGe,A5,36
3,pSE2USVUGe,A6,53
3,pSE2USVUGe,A7,34
3,pSE2USVUGe,A8,105
3,pSE2USVUGe,A9,4
3,pSE2USVUGe,A10,77
3,uZfhzJCf3Q,A1,30
3,uZfhzJCf3Q,A2,86
3,uZfhzJCf3Q,A3,48
3,uZfhzJCf3Q,A4,64
3,uZfhzJCf3Q,A5,38
3,uZfhzJCf3Q,A6,32
3,uZfhzJCf3Q,A7,48
3,uZfhzJCf3Q,A8,22
3,uZfhzJCf3Q,A9,4
3,uZfhzJCf3Q,A10,99
3,2ruNWPmicg,A1,29
3,2ruNWPmicg,A2,94
3,2ruNWPmicg,A3,49
3,2ruNWPmicg,A4,77
3,2ruNWPmicg,A5,58
3,2ruNWPmicg,A6,56
3,2ruNWPmicg,A7,23
3,2ruNWPmicg,A8,119
3,2ruNWPmicg,A9,9
3,2ruNWPmicg,A10,37
3,5xTn7laQAz,A1,57
3,5xTn7laQAz,A2,36
3,5xTn7laQAz,A3,41
3,5xTn7laQAz,A4,25
3,5xTn7laQAz,A5,27
3,5xTn7laQAz,A6,42
3,5xTn7laQAz,A7,28
3,5xTn7laQAz,A8,48
3,5xTn7laQAz,A9,7
3,5xTn7laQAz,A10,92
3,UPLEFa48ob,A1,29
3,UPLEFa48ob,A2,91
3,UPLEFa48ob,A3,88
3,UPLEFa48ob,A4,62
3,UPLEFa48ob,A5,46
3,UPLEFa48ob,A6,50
3,UPLEFa48ob,A7,39
3,UPLEFa48ob,A8,73
3,UPLEFa48ob,A9,10
3,UPLEFa48ob,A10,20
3,g0aGB2MNq6,A1,89
3,g0aGB2MNq6,A2,47
3,g0aGB2MNq6,A3,71
3,g0aGB2MNq6,A4,56
3,g0aGB2MNq6,A5,26
3,g0aGB2MNq6,A6,79
3,g0aGB2MNq6,A7,59
3,g0aGB2MNq6,A8,94
3,g0aGB2MNq6,A9,8
3,g0aGB2MNq6,A10,63
3,vMCwbZJ5UI,A1,61
3,vMCwbZJ5UI,A2,70
3,vMCwbZJ5UI,A3,93
3,vMCwbZJ5UI,A4,75
3,vMCwbZJ5UI,A5,29
3,vMCwbZJ5UI,A6,23
3,vMCwbZJ5UI,A7,26
3,vMCwbZJ5UI,A8,68
3,vMCwbZJ5UI,A9,7
3,vMCwbZJ5UI,A10,85
3,P80TDV5kec,A1,69
3,P80TDV5kec,A2,100
3,P80TDV5kec,A3,55
3,P80TDV5kec,A4,64
3,P80TDV5kec,A5,49
3,P80TDV5kec,A6,30
3,P80TDV5kec,A7,46
3,P80TDV5kec,A8,39
3,P80TDV5kec,A9,6
3,P80TDV5kec,A10,77
3,UX8dL9oWOH,A1,85
3,UX8dL9oWOH,A2,62
3,UX8dL9oWOH,A3,45
3,UX8dL9oWOH,A4,97
3,UX8dL9oWOH,A5,24
3,UX8dL9oWOH,A6,46
3,UX8dL9oWOH,A7,22
3,UX8dL9oWOH,A8,55
3,UX8dL9oWOH,A9,0
3,UX8dL9oWOH,A10,49
3,erGZXNCSa8,A1,39
3,erGZXNCSa8,A2,35
3,erGZXNCSa8,A3,71
3,erGZXNCSa8,A4,22
3,erGZXNCSa8,A5,34
3,erGZXNCSa8,A6,78
3,erGZXNCSa8,A7,35
3,erGZXNCSa8,A8,121
3,erGZXNCSa8,A9,2
3,erGZXNCSa8,A10,91
3,aKtF7xlCj,A1,95
3,aKtF7xlCj,A2,71
3,aKtF7xlCj,A3,92
3,aKtF7xlCj,A4,26
3,aKtF7xlCj,A5,48
3,aKtF7xlCj,A6,58
3,aKtF7xlCj,A7,29
3,aKtF7xlCj,A8,130
3,aKtF7xlCj,A9,7
3,aKtF7xlCj,A10,37
3,OcbMCqoATE,A1,35
3,OcbMCqoATE,A2,93
3,OcbMCqoATE,A3,59
3,OcbMCqoATE,A4,56
3,OcbMCqoATE,A5,34
3,OcbMCqoATE,A6,23
3,OcbMCqoATE,A7,60
3,OcbMCqoATE,A8,80
3,OcbMCqoATE,A9,0
3,OcbMCqoATE,A10,71
3,Ki437ImMiB,A1,96
3,Ki437ImMiB,A2,99
3,Ki437ImMiB,A3,56
3,Ki437ImMiB,A4,65
3,Ki437ImMiB,A5,25
3,Ki437ImMiB,A6,58
3,Ki437ImMiB,A7,54
3,Ki437ImMiB,A8,121
3,Ki437ImMiB,A9,0
3,Ki437ImMiB,A10,95
3,VkA4Ln4RP8,A1,99
3,VkA4Ln4RP8,A2,79
3,VkA4Ln4RP8,A3,30
3,VkA4Ln4RP8,A4,23
3,VkA4Ln4RP8,A5,46
3,VkA4Ln4RP8,A6,58
3,VkA4Ln4RP8,A7,42
3,VkA4Ln4RP8,A8,115
3,VkA4Ln4RP8,A9,1
3,VkA4Ln4RP8,A10,76
3,Vv5mvmR93y,A1,36
3,Vv5mvmR93y,A2,85
3,Vv5mvmR93y,A3,55
3,Vv5mvmR93y,A4,84
3,Vv5mvmR93y,A5,52
3,Vv5mvmR93y,A6,77
3,Vv5mvmR93y,A7,50
3,Vv5mvmR93y,A8,125
3,Vv5mvmR93y,A9,3
3,Vv5mvmR93y,A10,88
3,9mCMQL1myp,A1,37
3,9mCMQL1myp,A2,92
3,9mCMQL1myp,A3,47
3,9mCMQL1myp,A4,24
3,9mCMQL1myp,A5,54
3,9mCMQL1myp,A6,84
3,9mCMQL1myp,A7,26
3,9mCMQL1myp,A8,48
3,9mCMQL1myp,A9,1
3,9mCMQL1myp,A10,46
3,FGVfybCruk,A1,44
3,FGVfybCruk,A2,28
3,FGVfybCruk,A3,40
3,FGVfybCruk,A4,99
3,FGVfybCruk,A5,34
3,FGVfybCruk,A6,21
3,FGVfybCruk,A7,38
3,FGVfybCruk,A8,132
3,FGVfybCruk,A9,2
3,FGVfybCruk,A10,41
3,ybgAEICak2,A1,81
3,ybgAEICak2,A2,29
3,ybgAEICak2,A3,37
3,ybgAEICak2,A4,85
3,ybgAEICak2,A5,60
3,ybgAEICak2,A6,84
3,ybgAEICak2,A7,50
3,ybgAEICak2,A8,120
3,ybgAEICak2,A9,3
3,ybgAEICak2,A10,29
4,WJrWAidLZ5,A1,93
4,WJrWAidLZ5,A2,86
4,WJrWAidLZ5,A3,90
4,WJrWAidLZ5,A4,74
4,WJrWAidLZ5,A5,97
4,WJrWAidLZ5,A6,97
4,tmt3aPs20s,A1,67
4,tmt3aPs20s,A2,63
4,tmt3aPs20s,A3,60
4,tmt3aPs20s,A4,96
4,tmt3aPs20s,A5,66
4,tmt3aPs20s,A6,144
4,PiQvBSPut9,A1,94
4,PiQvBSPut9,A2,70
4,PiQvBSPut9,A3,78
4,PiQvBSPut9,A4,59
4,PiQvBSPut9,A5,71
4,PiQvBSPut9,A6,114
4,pSE2USVUGe,A1,53
4,pSE2USVUGe,A2,47
4,pSE2USVUGe,A3,96
4,pSE2USVUGe,A4,51
4,pSE2USVUGe,A5,70
4,pSE2USVUGe,A6,85
4,uZfhzJCf3Q,A1,98
4,uZfhzJCf3Q,A2,46
4,uZfhzJCf3Q,A3,86
4,uZfhzJCf3Q,A4,47
4,uZfhzJCf3Q,A5,55
4,uZfhzJCf3Q,A6,124
4,2ruNWPmicg,A1,83
4,2ruNWPmicg,A2,48
4,2ruNWPmicg,A3,66
4,2ruNWPmicg,A4,93
4,2ruNWPmicg,A5,49
4,2ruNWPmicg,A6,98
4,5xTn7laQAz,A1,92
4,5xTn7laQAz,A2,54
4,5xTn7laQAz,A3,92
4,5xTn7laQAz,A4,46
4,5xTn7laQAz,A5,95
4,5xTn7laQAz,A6,78
4,UPLEFa48ob,A1,90
4,UPLEFa48ob,A2,81
4,UPLEFa48ob,A3,86
4,UPLEFa48ob,A4,90
4,UPLEFa48ob,A5,84
4,UPLEFa48ob,A6,99
4,g0aGB2MNq6,A1,79
4,g0aGB2MNq6,A2,69
4,g0aGB2MNq6,A3,82
4,g0aGB2MNq6,A4,45
4,g0aGB2MNq6,A5,87
4,g0aGB2MNq6,A6,54
4,vMCwbZJ5UI,A1,69
4,vMCwbZJ5UI,A2,68
4,vMCwbZJ5UI,A3,99
4,vMCwbZJ5UI,A4,85
4,vMCwbZJ5UI,A5,93
4,vMCwbZJ5UI,A6,77
4,P80TDV5kec,A1,80
4,P80TDV5kec,A2,57
4,P80TDV5kec,A3,53
4,P80TDV5kec,A4,56
4,P80TDV5kec,A5,67
4,P80TDV5kec,A6,142
4,UX8dL9oWOH,A1,59
4,UX8dL9oWOH,A2,83
4,UX8dL9oWOH,A3,74
4,UX8dL9oWOH,A4,62
4,UX8dL9oWOH,A5,56
4,UX8dL9oWOH,A6,114
4,erGZXNCSa8,A1,69
4,erGZXNCSa8,A2,49
4,erGZXNCSa8,A3,90
4,erGZXNCSa8,A4,86
4,erGZXNCSa8,A5,68
4,erGZXNCSa8,A6,109
4,aKtF7xlCj,A1,99
4,aKtF7xlCj,A2,93
4,aKtF7xlCj,A3,91
4,aKtF7xlCj,A4,47
4,aKtF7xlCj,A5,63
4,aKtF7xlCj,A6,142
4,OcbMCqoATE,A1,47
4,OcbMCqoATE,A2,78
4,OcbMCqoATE,A3,92
4,OcbMCqoATE,A4,77
4,OcbMCqoATE,A5,82
4,OcbMCqoATE,A6,57
4,Ki437ImMiB,A1,67
4,Ki437ImMiB,A2,53
4,Ki437ImMiB,A3,83
4,Ki437ImMiB,A4,62
4,Ki437ImMiB,A5,51
4,Ki437ImMiB,A6,95
4,VkA4Ln4RP8,A1,92
4,VkA4Ln4RP8,A2,70
4,VkA4Ln4RP8,A3,52
4,VkA4Ln4RP8,A4,93
4,VkA4Ln4RP8,A5,65
4,VkA4Ln4RP8,A6,135
4,Vv5mvmR93y,A1,89
4,Vv5mvmR93y,A2,87
4,Vv5mvmR93y,A3,79
4,Vv5mvmR93y,A4,87
4,Vv5mvmR93y,A5,59
4,Vv5mvmR93y,A6,61
4,9mCMQL1myp,A1,63
4,9mCMQL1myp,A2,73
4,9mCMQL1myp,A3,97
4,9mCMQL1myp,A4,48
4,9mCMQL1myp,A5,72
4,9mCMQL1myp,A6,81
5,8uv1aK9btU,A1,65
5,8uv1aK9btU,A2,99
5,8uv1aK9btU,A3,26
5,8uv1aK9btU,A4,98
5,8uv1aK9btU,A5,91
5,8uv1aK9btU,A6,70
5,8uv1aK9btU,A7,83
5,cp5asEx6KR,A1,97
5,cp5asEx6KR,A2,86
5,cp5asEx6KR,A3,48
5,cp5asEx6KR,A4,69
5,cp5asEx6KR,A5,97
5,cp5asEx6KR,A6,96
5,cp5asEx6KR,A7,78
5,RxNqRHaaoI,A1,98
5,RxNqRHaaoI,A2,85
5,RxNqRHaaoI,A3,35
5,RxNqRHaaoI,A4,67
5,RxNqRHaaoI,A5,53
5,RxNqRHaaoI,A6,58
5,RxNqRHaaoI,A7,44
5,AnRRwDoMFm,A1,91
5,AnRRwDoMFm,A2,71
5,AnRRwDoMFm,A3,20
5,AnRRwDoMFm,A4,95
5,AnRRwDoMFm,A5,50
5,AnRRwDoMFm,A6,94
5,AnRRwDoMFm,A7,89
5,RwKSObZt8b,A1,96
5,RwKSObZt8b,A2,60
5,RwKSObZt8b,A3,44
5,RwKSObZt8b,A4,82
5,RwKSObZt8b,A5,60
5,RwKSObZt8b,A6,77
5,RwKSObZt8b,A7,95
5,QVsfnLS8nP,A1,96
5,QVsfnLS8nP,A2,71
5,QVsfnLS8nP,A3,29
5,QVsfnLS8nP,A4,92
5,QVsfnLS8nP,A5,99
5,QVsfnLS8nP,A6,93
5,QVsfnLS8nP,A7,119
5,piajOfWMIT,A1,61
5,piajOfWMIT,A2,68
5,piajOfWMIT,A3,27
5,piajOfWMIT,A4,86
5,piajOfWMIT,A5,99
5,piajOfWMIT,A6,93
5,piajOfWMIT,A7,109
5,lKOmgoDP5M,A1,82
5,lKOmgoDP5M,A2,84
5,lKOmgoDP5M,A3,30
5,lKOmgoDP5M,A4,71
5,lKOmgoDP5M,A5,50
5,lKOmgoDP5M,A6,46
5,lKOmgoDP5M,A7,66
5,xrWlqSyLPV,A1,99
5,xrWlqSyLPV,A2,98
5,xrWlqSyLPV,A3,38
5,xrWlqSyLPV,A4,100
5,xrWlqSyLPV,A5,72
5,xrWlqSyLPV,A6,56
5,xrWlqSyLPV,A7,68
5,k4hG2bKBi2,A1,47
5,k4hG2bKBi2,A2,90
5,k4hG2bKBi2,A3,45
5,k4hG2bKBi2,A4,72
5,k4hG2bKBi2,A5,89
5,k4hG2bKBi2,A6,47
5,k4hG2bKBi2,A7,64
5,OhfDW5FQet,A1,79
5,OhfDW5FQet,A2,77
5,OhfDW5FQet,A3,27
5,OhfDW5FQet,A4,84
5,OhfDW5FQet,A5,61
5,OhfDW5FQet,A6,87
5,OhfDW5FQet,A7,90
5,0Bb2zMzQAL,A1,84
5,0Bb2zMzQAL,A2,69
5,0Bb2zMzQAL,A3,10
5,0Bb2zMzQAL,A4,61
5,0Bb2zMzQAL,A5,89
5,0Bb2zMzQAL,A6,85
5,0Bb2zMzQAL,A7,99
5,qjAClhRo8T,A1,86
5,qjAClhRo8T,A2,66
5,qjAClhRo8T,A3,16
5,qjAClhRo8T,A4,60
5,qjAClhRo8T,A5,75
5,qjAClhRo8T,A6,92
5,qjAClhRo8T,A7,81
5,MMNPTkNHZg,A1,100
5,MMNPTkNHZg,A2,100
5,MMNPTkNHZg,A3,43
5,MMNPTkNHZg,A4,74
5,MMNPTkNHZg,A5,78
5,MMNPTkNHZg,A6,62
5,MMNPTkNHZg,A7,71
5,v9ksRoAENe,A1,95
5,v9ksRoAENe,A2,81
5,v9ksRoAENe,A3,36
5,v9ksRoAENe,A4,49
5,v9ksRoAENe,A5,93
5,v9ksRoAENe,A6,64
5,v9ksRoAENe,A7,77
5,I8k5HwpLlU,A1,71
5,I8k5HwpLlU,A2,87
5,I8k5HwpLlU,A3,21
5,I8k5HwpLlU,A4,91
5,I8k5HwpLlU,A5,92
5,I8k5HwpLlU,A6,69
5,I8k5HwpLlU,A7,76
5,pAA8hhbaAf,A1,45
5,pAA8hhbaAf,A2,75
5,pAA8hhbaAf,A3,7
5,pAA8hhbaAf,A4,99
5,pAA8hhbaAf,A5,71
5,pAA8hhbaAf,A6,92
5,pAA8hhbaAf,A7,88
5,kJQAvxlegv,A1,94
5,kJQAvxlegv,A2,56
5,kJQAvxlegv,A3,19
5,kJQAvxlegv,A4,100
5,kJQAvxlegv,A5,87
5,kJQAvxlegv,A6,94
5,kJQAvxlegv,A7,115
5,l8Ck5AEii7,A1,55
5,l8Ck5AEii7,A2,65
5,l8Ck5AEii7,A3,48
5,l8Ck5AEii7,A4,87
5,l8Ck5AEii7,A5,67
5,l8Ck5AEii7,A6,95
5,l8Ck5AEii7,A7,110
5,EIBGkZJ8LU,A1,50
5,EIBGkZJ8LU,A2,96
5,EIBGkZJ8LU,A3,49
5,EIBGkZJ8LU,A4,64
5,EIBGkZJ8LU,A5,46
5,EIBGkZJ8LU,A6,91
5,EIBGkZJ8LU,A7,120
5,WVztzxaqG1,A1,57
5,WVztzxaqG1,A2,79
5,WVztzxaqG1,A3,33
5,WVztzxaqG1,A4,77
5,WVztzxaqG1,A5,51
5,WVztzxaqG1,A6,63
5,WVztzxaqG1,A7,110
5,nlNo3Ifie2,A1,88
5,nlNo3Ifie2,A2,71
5,nlNo3Ifie2,A3,6
5,nlNo3Ifie2,A4,81
5,nlNo3Ifie2,A5,88
5,nlNo3Ifie2,A6,80
5,nlNo3Ifie2,A7,73
5,fe20lUruvB,A1,78
5,fe20lUruvB,A2,55
5,fe20lUruvB,A3,8
5,fe20lUruvB,A4,50
5,fe20lUruvB,A5,65
5,fe20lUruvB,A6,47
5,fe20lUruvB,A7,115
5,q24FfeogSR,A1,75
5,q24FfeogSR,A2,98
5,q24FfeogSR,A3,32
5,q24FfeogSR,A4,56
5,q24FfeogSR,A5,86
5,q24FfeogSR,A6,53
5,q24FfeogSR,A7,108
5,1aRjlUAYpO,A1,68
5,1aRjlUAYpO,A2,76
5,1aRjlUAYpO,A3,47
5,1aRjlUAYpO,A4,88
5,1aRjlUAYpO,A5,79
5,1aRjlUAYpO,A6,68
5,1aRjlUAYpO,A7,100
5,WUMHFJy3AG,A1,51
5,WUMHFJy3AG,A2,93
5,WUMHFJy3AG,A3,8
5,WUMHFJy3AG,A4,85
5,WUMHFJy3AG,A5,75
5,WUMHFJy3AG,A6,48
5,WUMHFJy3AG,A7,119
5,ujARr06uDs,A1,51
5,ujARr06uDs,A2,97
5,ujARr06uDs,A3,22
5,ujARr06uDs,A4,80
5,ujARr06uDs,A5,57
5,ujARr06uDs,A6,85
5,ujARr06uDs,A7,114
5,RtDWbzvtoo,A1,64
5,RtDWbzvtoo,A2,55
5,RtDWbzvtoo,A3,50
5,RtDWbzvtoo,A4,78
5,RtDWbzvtoo,A5,89
5,RtDWbzvtoo,A6,46
5,RtDWbzvtoo,A7,80
5,bCSKEQsp82,A1,98
5,bCSKEQsp82,A2,60
5,bCSKEQsp82,A3,9
5,bCSKEQsp82,A4,56
5,bCSKEQsp82,A5,72
5,bCSKEQsp82,A6,54
5,bCSKEQsp82,A7,79
6,xshALL98rR,A1,80
6,xshALL98rR,A2,63
6,xshALL98rR,A3,67
6,xshALL98rR,A4,89
6,xshALL98rR,A5,98
6,xshALL98rR,A6,103
6,8uv1aK9btU,A1,84
6,8uv1aK9btU,A2,88
6,8uv1aK9btU,A3,94
6,8uv1aK9btU,A4,76
6,8uv1aK9btU,A5,62
6,8uv1aK9btU,A6,114
6,cp5asEx6KR,A1,69
6,cp5asEx6KR,A2,70
6,cp5asEx6KR,A3,100
6,cp5asEx6KR,A4,89
6,cp5asEx6KR,A5,77
6,cp5asEx6KR,A6,116
6,RxNqRHaaoI,A1,77
6,RxNqRHaaoI,A2,63
6,RxNqRHaaoI,A3,79
6,RxNqRHaaoI,A4,94
6,RxNqRHaaoI,A5,86
6,RxNqRHaaoI,A6,134
6,AnRRwDoMFm,A1,77
6,AnRRwDoMFm,A2,65
6,AnRRwDoMFm,A3,85
6,AnRRwDoMFm,A4,62
6,AnRRwDoMFm,A5,93
6,AnRRwDoMFm,A6,123
6,RwKSObZt8b,A1,80
6,RwKSObZt8b,A2,99
6,RwKSObZt8b,A3,100
6,RwKSObZt8b,A4,73
6,RwKSObZt8b,A5,93
6,RwKSObZt8b,A6,120
6,QVsfnLS8nP,A1,61
6,QVsfnLS8nP,A2,70
6,QVsfnLS8nP,A3,80
6,QVsfnLS8nP,A4,82
6,QVsfnLS8nP,A5,54
6,QVsfnLS8nP,A6,67
6,qjAClhRo8T,A1,47
6,qjAClhRo8T,A2,58
6,qjAClhRo8T,A3,76
6,qjAClhRo8T,A4,62
6,qjAClhRo8T,A5,46
6,qjAClhRo8T,A6,93
6,MMNPTkNHZg,A1,71
6,MMNPTkNHZg,A2,74
6,MMNPTkNHZg,A3,59
6,MMNPTkNHZg,A4,60
6,MMNPTkNHZg,A5,58
6,MMNPTkNHZg,A6,132
6,v9ksRoAENe,A1,90
6,v9ksRoAENe,A2,81
6,v9ksRoAENe,A3,90
6,v9ksRoAENe,A4,79
6,v9ksRoAENe,A5,84
6,v9ksRoAENe,A6,116
6,I8k5HwpLlU,A1,91
6,I8k5HwpLlU,A2,65
6,I8k5HwpLlU,A3,51
6,I8k5HwpLlU,A4,67
6,I8k5HwpLlU,A5,81
6,I8k5HwpLlU,A6,52
6,pAA8hhbaAf,A1,48
6,pAA8hhbaAf,A2,90
6,pAA8hhbaAf,A3,49
6,pAA8hhbaAf,A4,59
6,pAA8hhbaAf,A5,81
6,pAA8hhbaAf,A6,115
6,kJQAvxlegv,A1,69
6,kJQAvxlegv,A2,78
6,kJQAvxlegv,A3,72
6,kJQAvxlegv,A4,73
6,kJQAvxlegv,A5,74
6,kJQAvxlegv,A6,68
6,l8Ck5AEii7,A1,46
6,l8Ck5AEii7,A2,88
6,l8Ck5AEii7,A3,49
6,l8Ck5AEii7,A4,60
6,l8Ck5AEii7,A5,62
6,l8Ck5AEii7,A6,84
6,EIBGkZJ8LU,A1,65
6,EIBGkZJ8LU,A2,96
6,EIBGkZJ8LU,A3,89
6,EIBGkZJ8LU,A4,76
6,EIBGkZJ8LU,A5,45
6,EIBGkZJ8LU,A6,91
6,WVztzxaqG1,A1,51
6,WVztzxaqG1,A2,78
6,WVztzxaqG1,A3,98
6,WVztzxaqG1,A4,59
6,WVztzxaqG1,A5,95
6,WVztzxaqG1,A6,109
6,nlNo3Ifie2,A1,96
6,nlNo3Ifie2,A2,78
6,nlNo3Ifie2,A3,74
6,nlNo3Ifie2,A4,72
6,nlNo3Ifie2,A5,96
6,nlNo3Ifie2,A6,146
6,fe20lUruvB,A1,75
6,fe20lUruvB,A2,94
6,fe20lUruvB,A3,48
6,fe20lUruvB,A4,70
6,fe20lUruvB,A5,62
6,fe20lUruvB,A6,101
6,k4hG2bKBi2,A1,69
6,k4hG2bKBi2,A2,85
6,k4hG2bKBi2,A3,68
6,k4hG2bKBi2,A4,57
6,k4hG2bKBi2,A5,78
6,k4hG2bKBi2,A6,57
6,OhfDW5FQet,A1,96
6,OhfDW5FQet,A2,96
6,OhfDW5FQet,A3,79
6,OhfDW5FQet,A4,80
6,OhfDW5FQet,A5,68
6,OhfDW5FQet,A6,105
7,qBhsb9AT1D,A1,73
7,qBhsb9AT1D,A2,73
7,qBhsb9AT1D,A3,97
7,qBhsb9AT1D,A4,30
7,qBhsb9AT1D,A5,82
7,wUSNkrt2i7,A1,63
7,wUSNkrt2i7,A2,72
7,wUSNkrt2i7,A3,77
7,wUSNkrt2i7,A4,42
7,wUSNkrt2i7,A5,50
7,YXCMIivcy6,A1,85
7,YXCMIivcy6,A2,70
7,YXCMIivcy6,A3,97
7,YXCMIivcy6,A4,28
7,YXCMIivcy6,A5,61
7,loWO7ep40W,A1,78
7,loWO7ep40W,A2,84
7,loWO7ep40W,A3,96
7,loWO7ep40W,A4,52
7,loWO7ep40W,A5,65
7,AyZm6kgtLQ,A1,67
7,AyZm6kgtLQ,A2,78
7,AyZm6kgtLQ,A3,89
7,AyZm6kgtLQ,A4,49
7,AyZm6kgtLQ,A5,67
7,RCkC4TjYNZ,A1,87
7,RCkC4TjYNZ,A2,83
7,RCkC4TjYNZ,A3,92
7,RCkC4TjYNZ,A4,28
7,RCkC4TjYNZ,A5,50
7,SGDgfAoZn8,A1,90
7,SGDgfAoZn8,A2,82
7,SGDgfAoZn8,A3,97
7,SGDgfAoZn8,A4,59
7,SGDgfAoZn8,A5,43
7,UuUxEvmxXO,A1,75
7,UuUxEvmxXO,A2,52
7,UuUxEvmxXO,A3,95
7,UuUxEvmxXO,A4,56
7,UuUxEvmxXO,A5,76
7,9wHtriXf8s,A1,73
7,9wHtriXf8s,A2,83
7,9wHtriXf8s,A3,89
7,9wHtriXf8s,A4,22
7,9wHtriXf8s,A5,46
7,j3BjhOJA0K,A1,92
7,j3BjhOJA0K,A2,66
7,j3BjhOJA0K,A3,65
7,j3BjhOJA0K,A4,34
7,j3BjhOJA0K,A5,43
7,77JVECgA9Y,A1,82
7,77JVECgA9Y,A2,57
7,77JVECgA9Y,A3,74
7,77JVECgA9Y,A4,34
7,77JVECgA9Y,A5,60
7,LRH33DL7sR,A1,63
7,LRH33DL7sR,A2,70
7,LRH33DL7sR,A3,54
7,LRH33DL7sR,A4,29
7,LRH33DL7sR,A5,43
7,82rggZxf5c,A1,67
7,82rggZxf5c,A2,61
7,82rggZxf5c,A3,49
7,82rggZxf5c,A4,42
7,82rggZxf5c,A5,68
7,ffD2jzc574,A1,81
7,ffD2jzc574,A2,51
7,ffD2jzc574,A3,55
7,ffD2jzc574,A4,46
7,ffD2jzc574,A5,80
7,zMdmtuvTDn,A1,67
7,zMdmtuvTDn,A2,69
7,zMdmtuvTDn,A3,85
7,zMdmtuvTDn,A4,43
7,zMdmtuvTDn,A5,70
7,4RygfhpS1h,A1,78
7,4RygfhpS1h,A2,50
7,4RygfhpS1h,A3,68
7,4RygfhpS1h,A4,28
7,4RygfhpS1h,A5,87
7,WW56HAP2R1,A1,99
7,WW56HAP2R1,A2,76
7,WW56HAP2R1,A3,45
7,WW56HAP2R1,A4,24
7,WW56HAP2R1,A5,31
7,Sx6sqg2Av5,A1,96
7,Sx6sqg2Av5,A2,50
7,Sx6sqg2Av5,A3,46
7,Sx6sqg2Av5,A4,56
7,Sx6sqg2Av5,A5,89
7,Oojd410rxz,A1,79
7,Oojd410rxz,A2,95
7,Oojd410rxz,A3,69
7,Oojd410rxz,A4,50
7,Oojd410rxz,A5,81
8,bSZa17FK2l,A1,67
8,bSZa17FK2l,A2,97
8,bSZa17FK2l,A3,89
8,bSZa17FK2l,A4,89
8,bSZa17FK2l,A5,94
8,A3mMrNEFsy,A1,62
8,A3mMrNEFsy,A2,75
8,A3mMrNEFsy,A3,68
8,A3mMrNEFsy,A4,58
8,A3mMrNEFsy,A5,56
8,ize3lkeNiR,A1,71
8,ize3lkeNiR,A2,86
8,ize3lkeNiR,A3,94
8,ize3lkeNiR,A4,86
8,ize3lkeNiR,A5,92
8,fk7USWbA60,A1,75
8,fk7USWbA60,A2,93
8,fk7USWbA60,A3,87
8,fk7USWbA60,A4,63
8,fk7USWbA60,A5,83
8,Xo3aGKAsfE,A1,98
8,Xo3aGKAsfE,A2,99
8,Xo3aGKAsfE,A3,67
8,Xo3aGKAsfE,A4,65
8,Xo3aGKAsfE,A5,85
8,q24FfeogSR,A1,98
8,q24FfeogSR,A2,86
8,q24FfeogSR,A3,87
8,q24FfeogSR,A4,45
8,q24FfeogSR,A5,40
8,1aRjlUAYpO,A1,98
8,1aRjlUAYpO,A2,30
8,1aRjlUAYpO,A3,52
8,1aRjlUAYpO,A4,79
8,1aRjlUAYpO,A5,67
8,WUMHFJy3AG,A1,98
8,WUMHFJy3AG,A2,41
8,WUMHFJy3AG,A3,45
8,WUMHFJy3AG,A4,38
8,WUMHFJy3AG,A5,93
8,ujARr06uDs,A1,98
8,ujARr06uDs,A2,91
8,ujARr06uDs,A3,66
8,ujARr06uDs,A4,88
8,ujARr06uDs,A5,92
8,RtDWbzvtoo,A1,98
8,RtDWbzvtoo,A2,34
8,RtDWbzvtoo,A3,46
8,RtDWbzvtoo,A4,100
8,RtDWbzvtoo,A5,60
8,bCSKEQsp82,A1,98
8,bCSKEQsp82,A2,68
8,bCSKEQsp82,A3,98
8,bCSKEQsp82,A4,55
8,bCSKEQsp82,A5,60